sequence,length,phi_cleav_product,phi_cleav_additive,phi_cleav_meanfield,phi_cleav,log2_mic,mic_uM,cleavage_term,clasp_score
GIGKFLHSAKKFGKAFVGEIMNS,23,-16.255453,-30103.852,-1140.1084,-16.255453,6.5942473,96.61983,-1.6255454,-4.968702
GIGAVLKVLTTGLPALISWIKRKRQQ,26,-16.319202,-34185.41,-1133.1853,-16.319202,5.1640477,35.85364,-1.6319202,-3.5321274
GIGKFLKKAKKFGKAFVKILKK,22,-16.235418,-28695.625,-1152.1476,-16.235418,4.243227,18.938196,-1.6235418,-2.6196852
ILPWKWPWWPWRR,13,-17.940691,-17047.59,-1251.7368,-17.940691,6.2525673,76.24481,-1.7940692,-4.458498
TRSSRAGLQFPVGRVHRLLRK,21,-16.482973,-27309.51,-1150.0361,-16.482973,5.295635,39.27761,-1.6482973,-3.647338
GLFDIIKKIAESF,13,-17.165306,-16601.086,-1196.5958,-17.165306,3.3261974,10.029636,-1.7165307,-1.6096667
FLPLIGRVLSGIL,13,-16.633415,-16286.219,-1168.2991,-16.633415,4.8183603,28.21441,-1.6633415,-3.1550188
RGGRLCYCRRRFCVCVGR,18,-17.165667,-23710.02,-1201.1149,-17.165667,5.7325287,53.169563,-1.7165667,-4.015962
RLCRIVVIRVCR,12,-17.91571,-15386.121,-1241.2744,-17.91571,5.2706056,38.60205,-1.791571,-3.4790344
GLFDVIKKVASVIGGL,16,-16.498266,-20533.975,-1172.8685,-16.498266,6.081579,67.72324,-1.6498266,-4.4317527
GLFGVLAKVAAHVVPAIAEHF,21,-16.151567,-27198.855,-1141.6323,-16.151567,6.779889,109.88793,-1.6151568,-5.1647325
GLFDIVKKVVGALGSL,16,-16.198196,-20408.055,-1149.8473,-16.198196,6.212331,74.14774,-1.6198196,-4.592511
KWKLFKKIGIGKFLHSAKKF,20,-16.400837,-26120.582,-1157.5405,-16.400837,2.0669842,4.190099,-1.6400837,-0.4269005
ALWKTMLKKLGTMALHAGKAALGAAADTISQGTQ,34,-15.678646,-44857.105,-1101.1781,-15.678646,6.469729,88.630356,-1.5678647,-4.901864
